{"count":1,"self":66.6409728,"total":68.4749029,"children":{"InitializeActuators":{"count":5,"self":0.0020017999999999998,"total":0.0020017999999999998,"children":null},"InitializeSensors":{"count":5,"self":0.0019963999999999997,"total":0.0019963999999999997,"children":null},"AgentSendState":{"count":3139,"self":0.0380574,"total":0.25071699999999997,"children":{"CollectObservations":{"count":5235,"self":0.1936611,"total":0.1936611,"children":null},"WriteActionMask":{"count":5235,"self":0.0030058999999999997,"total":0.0030058999999999997,"children":null},"RequestDecision":{"count":5235,"self":0.0159926,"total":0.0159926,"children":null}}},"DecideAction":{"count":3139,"self":1.2344017,"total":1.2344017,"children":null},"AgentAct":{"count":3139,"self":0.34381439999999996,"total":0.34381439999999996,"children":null}},"gauges":{"Basic.CumulativeReward":{"count":25,"max":-210.421982,"min":-834.611267,"runningAverage":-520.74884,"value":-243.762634,"weightedAverage":-477.138672}},"metadata":{"timer_format_version":"0.1.0","start_time_seconds":"1670018843","unity_version":"2021.3.14f1","command_line_arguments":"C:\\Program Files\\Unity\\Hub\\Editor\\2021.3.14f1\\Editor\\Unity.exe -projectpath C:\\dev\\itesm\\ItesmKartAgents -useHub -hubIPC -cloudEnvironment production -licensingIpc LicenseClient-mZRBO4XvwyfeMs036SK83 -hubSessionId 9d555df0-7249-11ed-8db1-2b41cf96b367 -accessToken FJk9E0yww8wKkPUWaSlp7xSwy6evUAyInJaO_hXUERw004f","communication_protocol_version":"1.5.0","com.unity.ml-agents_version":"2.0.1","scene_name":"ProjectScene","end_time_seconds":"1670018912"}}