{
    "name": "root",
    "gauges": {
        "Basic.Policy.Entropy.mean": {
            "value": 1.4188891649246216,
            "min": 1.4173511266708374,
            "max": 1.4250479936599731,
            "count": 9
        },
        "Basic.Policy.Entropy.sum": {
            "value": 2837.7783203125,
            "min": 2834.7021484375,
            "max": 2850.095947265625,
            "count": 9
        },
        "Basic.Environment.LessonNumber.desired_speed.mean": {
            "value": 0.0,
            "min": 0.0,
            "max": 0.0,
            "count": 9
        },
        "Basic.Environment.LessonNumber.desired_speed.sum": {
            "value": 0.0,
            "min": 0.0,
            "max": 0.0,
            "count": 9
        },
        "Basic.Step.mean": {
            "value": 17999.0,
            "min": 1999.0,
            "max": 17999.0,
            "count": 9
        },
        "Basic.Step.sum": {
            "value": 17999.0,
            "min": 1999.0,
            "max": 17999.0,
            "count": 9
        },
        "Basic.Policy.ExtrinsicValueEstimate.mean": {
            "value": 175.7324676513672,
            "min": 5.017311096191406,
            "max": 175.7324676513672,
            "count": 9
        },
        "Basic.Policy.ExtrinsicValueEstimate.sum": {
            "value": 118092.21875,
            "min": 3366.61572265625,
            "max": 118092.21875,
            "count": 9
        },
        "Basic.Environment.EpisodeLength.mean": {
            "value": 249.0,
            "min": 249.0,
            "max": 249.0,
            "count": 9
        },
        "Basic.Environment.EpisodeLength.sum": {
            "value": 1992.0,
            "min": 1992.0,
            "max": 1992.0,
            "count": 9
        },
        "Basic.Environment.CumulativeReward.mean": {
            "value": 4369.872194886208,
            "min": 3707.824405193329,
            "max": 5012.037434339523,
            "count": 9
        },
        "Basic.Environment.CumulativeReward.sum": {
            "value": 34958.97755908966,
            "min": 29662.59524154663,
            "max": 40096.29947471619,
            "count": 9
        },
        "Basic.Policy.ExtrinsicReward.mean": {
            "value": 4369.872194886208,
            "min": 3707.824405193329,
            "max": 5012.037434339523,
            "count": 9
        },
        "Basic.Policy.ExtrinsicReward.sum": {
            "value": 34958.97755908966,
            "min": 29662.59524154663,
            "max": 40096.29947471619,
            "count": 9
        },
        "Basic.Losses.PolicyLoss.mean": {
            "value": 0.1404676837531345,
            "min": 0.12069531232589813,
            "max": 0.1404676837531345,
            "count": 9
        },
        "Basic.Losses.PolicyLoss.sum": {
            "value": 1.123741470025076,
            "min": 0.8448671862812869,
            "max": 1.123741470025076,
            "count": 9
        },
        "Basic.Losses.ValueLoss.mean": {
            "value": 64.66914960245292,
            "min": 64.66914960245292,
            "max": 1423.815369378953,
            "count": 9
        },
        "Basic.Losses.ValueLoss.sum": {
            "value": 517.3531968196233,
            "min": 517.3531968196233,
            "max": 9966.70758565267,
            "count": 9
        },
        "Basic.Policy.LearningRate.mean": {
            "value": 0.00027455925848024997,
            "min": 0.00027455925848024997,
            "max": 0.000298446000518,
            "count": 9
        },
        "Basic.Policy.LearningRate.sum": {
            "value": 0.0021964740678419997,
            "min": 0.0019423080525639998,
            "max": 0.0023642580119139995,
            "count": 9
        },
        "Basic.Policy.Epsilon.mean": {
            "value": 0.19151975000000002,
            "min": 0.19151975000000002,
            "max": 0.199482,
            "count": 9
        },
        "Basic.Policy.Epsilon.sum": {
            "value": 1.5321580000000001,
            "min": 1.347436,
            "max": 1.588086,
            "count": 9
        },
        "Basic.Policy.Beta.mean": {
            "value": 0.004576835525,
            "min": 0.004576835525,
            "max": 0.0049741518,
            "count": 9
        },
        "Basic.Policy.Beta.sum": {
            "value": 0.0366146842,
            "min": 0.03237705640000001,
            "max": 0.0394054914,
            "count": 9
        },
        "Basic.IsTraining.mean": {
            "value": 1.0,
            "min": 1.0,
            "max": 1.0,
            "count": 9
        },
        "Basic.IsTraining.sum": {
            "value": 1.0,
            "min": 1.0,
            "max": 1.0,
            "count": 9
        }
    },
    "metadata": {
        "timer_format_version": "0.1.0",
        "start_time_seconds": "1669996926",
        "python_version": "3.7.9 (tags/v3.7.9:13c94747c7, Aug 17 2020, 18:58:18) [MSC v.1900 64 bit (AMD64)]",
        "command_line_arguments": "C:\\dev\\venv\\Scripts\\mlagents-learn --run-id=018.2 .\\Basic-018.yaml --force",
        "mlagents_version": "0.28.0",
        "mlagents_envs_version": "0.28.0",
        "communication_protocol_version": "1.5.0",
        "pytorch_version": "1.7.1+cu110",
        "numpy_version": "1.21.6",
        "end_time_seconds": "1669997207"
    },
    "total": 281.031684,
    "count": 1,
    "self": 0.006133299999987685,
    "children": {
        "run_training.setup": {
            "total": 0.09636609999999979,
            "count": 1,
            "self": 0.09636609999999979
        },
        "TrainerController.start_learning": {
            "total": 280.9291846,
            "count": 1,
            "self": 0.46656260000196426,
            "children": {
                "TrainerController._reset_env": {
                    "total": 6.1958359000000005,
                    "count": 1,
                    "self": 6.1958359000000005
                },
                "TrainerController.advance": {
                    "total": 274.165550999998,
                    "count": 19756,
                    "self": 0.5420554999972182,
                    "children": {
                        "env_step": {
                            "total": 228.58894240000032,
                            "count": 19756,
                            "self": 181.55514270000214,
                            "children": {
                                "SubprocessEnvManager._take_step": {
                                    "total": 46.816127799998284,
                                    "count": 19756,
                                    "self": 1.3928069999975108,
                                    "children": {
                                        "TorchPolicy.evaluate": {
                                            "total": 45.42332080000077,
                                            "count": 19756,
                                            "self": 27.91586409999984,
                                            "children": {
                                                "TorchPolicy.sample_actions": {
                                                    "total": 17.507456700000933,
                                                    "count": 19756,
                                                    "self": 17.507456700000933
                                                }
                                            }
                                        }
                                    }
                                },
                                "workers": {
                                    "total": 0.2176718999998979,
                                    "count": 19755,
                                    "self": 0.0,
                                    "children": {
                                        "worker_root": {
                                            "total": 214.1248156999997,
                                            "count": 19755,