{
    "name": "root",
    "gauges": {
        "Basic.Policy.Entropy.mean": {
            "value": 1.4279571771621704,
            "min": 1.4172041416168213,
            "max": 1.4279571771621704,
            "count": 5
        },
        "Basic.Policy.Entropy.sum": {
            "value": 2855.914306640625,
            "min": 2834.408203125,
            "max": 2855.914306640625,
            "count": 5
        },
        "Basic.Environment.LessonNumber.desired_speed.mean": {
            "value": 0.0,
            "min": 0.0,
            "max": 0.0,
            "count": 5
        },
        "Basic.Environment.LessonNumber.desired_speed.sum": {
            "value": 0.0,
            "min": 0.0,
            "max": 0.0,
            "count": 5
        },
        "Basic.Step.mean": {
            "value": 9999.0,
            "min": 1999.0,
            "max": 9999.0,
            "count": 5
        },
        "Basic.Step.sum": {
            "value": 9999.0,
            "min": 1999.0,
            "max": 9999.0,
            "count": 5
        },
        "Basic.Policy.ExtrinsicValueEstimate.mean": {
            "value": 35.731346130371094,
            "min": 0.2946726679801941,
            "max": 35.731346130371094,
            "count": 5
        },
        "Basic.Policy.ExtrinsicValueEstimate.sum": {
            "value": 24011.46484375,
            "min": 197.72535705566406,
            "max": 24011.46484375,
            "count": 5
        },
        "Basic.Environment.EpisodeLength.mean": {
            "value": 249.0,
            "min": 249.0,
            "max": 249.0,
            "count": 5
        },
        "Basic.Environment.EpisodeLength.sum": {
            "value": 1992.0,
            "min": 1992.0,
            "max": 1992.0,
            "count": 5
        },
        "Basic.Environment.CumulativeReward.mean": {
            "value": 1053.6628810167313,
            "min": 1042.1117106080055,
            "max": 1118.188693434,
            "count": 5
        },
        "Basic.Environment.CumulativeReward.sum": {
            "value": 8429.30304813385,
            "min": 7436.15810084343,
            "max": 8945.509547472,
            "count": 5
        },
        "Basic.Policy.ExtrinsicReward.mean": {
            "value": 1053.6628810167313,
            "min": 1042.1117106080055,
            "max": 1118.188693434,
            "count": 5
        },
        "Basic.Policy.ExtrinsicReward.sum": {
            "value": 8429.30304813385,
            "min": 7436.15810084343,
            "max": 8945.509547472,
            "count": 5
        },
        "Basic.Losses.PolicyLoss.mean": {
            "value": 0.12240767751275901,
            "min": 0.12240767751275901,
            "max": 0.13500459524359376,
            "count": 5
        },
        "Basic.Losses.PolicyLoss.sum": {
            "value": 0.9792614201020721,
            "min": 0.9179874267647392,
            "max": 1.0739666157387546,
            "count": 5
        },
        "Basic.Losses.ValueLoss.mean": {
            "value": 11.341592756410439,
            "min": 11.341592756410439,
            "max": 60.63407422247387,
            "count": 5
        },
        "Basic.Losses.ValueLoss.sum": {
            "value": 90.73274205128351,
            "min": 90.73274205128351,
            "max": 437.858210404714,
            "count": 5
        },
        "Basic.Policy.LearningRate.mean": {
            "value": 0.00028659975446674994,
            "min": 0.00028659975446674994,
            "max": 0.000298446000518,
            "count": 5
        },
        "Basic.Policy.LearningRate.sum": {
            "value": 0.0022927980357339995,
            "min": 0.0020265825244724996,
            "max": 0.0023642580119139995,
            "count": 5
        },
        "Basic.Policy.Epsilon.mean": {
            "value": 0.19553325,
            "min": 0.19553325,
            "max": 0.199482,
            "count": 5
        },
        "Basic.Policy.Epsilon.sum": {
            "value": 1.564266,
            "min": 1.3755275,
            "max": 1.588086,
            "count": 5
        },
        "Basic.Policy.Beta.mean": {
            "value": 0.0047771091750000005,
            "min": 0.0047771091750000005,
            "max": 0.0049741518,
            "count": 5
        },
        "Basic.Policy.Beta.sum": {
            "value": 0.038216873400000004,
            "min": 0.03377882225,
            "max": 0.0394054914,
            "count": 5
        },
        "Basic.IsTraining.mean": {
            "value": 1.0,
            "min": 1.0,
            "max": 1.0,
            "count": 5
        },
        "Basic.IsTraining.sum": {
            "value": 1.0,
            "min": 1.0,
            "max": 1.0,
            "count": 5
        }
    },
    "metadata": {
        "timer_format_version": "0.1.0",
        "start_time_seconds": "1669996590",
        "python_version": "3.7.9 (tags/v3.7.9:13c94747c7, Aug 17 2020, 18:58:18) [MSC v.1900 64 bit (AMD64)]",
        "command_line_arguments": "C:\\dev\\venv\\Scripts\\mlagents-learn --run-id=018 .\\Basic-018.yaml --force",
        "mlagents_version": "0.28.0",
        "mlagents_envs_version": "0.28.0",
        "communication_protocol_version": "1.5.0",
        "pytorch_version": "1.7.1+cu110",
        "numpy_version": "1.21.6",
        "end_time_seconds": "1669996795"
    },
    "total": 205.0965491,
    "count": 1,
    "self": 0.006072299999999586,
    "children": {
        "run_training.setup": {
            "total": 0.08512500000000012,
            "count": 1,
            "self": 0.08512500000000012
        },
        "TrainerController.start_learning": {
            "total": 205.0053518,
            "count": 1,
            "self": 0.2764603000001955,
            "children": {
                "TrainerController._reset_env": {
                    "total": 17.4141935,
                    "count": 1,
                    "self": 17.4141935
                },
                "TrainerController.advance": {
                    "total": 187.2121339999998,
                    "count": 11178,
                    "self": 0.3060575999987236,
                    "children": {
                        "env_step": {
                            "total": 162.166565700001,
                            "count": 11178,
                            "self": 136.03120110000162,
                            "children": {
                                "SubprocessEnvManager._take_step": {
                                    "total": 26.015095200000093,
                                    "count": 11178,
                                    "self": 0.7720576000000996,
                                    "children": {
                                        "TorchPolicy.evaluate": {
                                            "total": 25.243037599999994,
                                            "count": 11178,
                                            "self": 15.432976700000651,
                                            "children": {
                                                "TorchPolicy.sample_actions": {
                                                    "total": 9.810060899999343,
                                                    "count": 11178,
                                                    "self": 9.810060899999343
                                                }
                                            }
                                        }
                                    }
                                },
                                "workers": {
                                    "total": 0.12026939999926967,
                                    "count": 11177,
                                    "self": 0.0,
                                    "children": {
                                        "worker_root": {
                                            "total": 127.12651380000037,
                                            "count": 11177,