{
    "name": "root",
    "gauges": {
        "Basic.Policy.Entropy.mean": {
            "value": 1.366655707359314,
            "min": 1.366655707359314,
            "max": 1.420983076095581,
            "count": 14
        },
        "Basic.Policy.Entropy.sum": {
            "value": 2733.3115234375,
            "min": 2733.3115234375,
            "max": 2856.176025390625,
            "count": 14
        },
        "Basic.Step.mean": {
            "value": 27999.0,
            "min": 1997.0,
            "max": 27999.0,
            "count": 14
        },
        "Basic.Step.sum": {
            "value": 27999.0,
            "min": 1997.0,
            "max": 27999.0,
            "count": 14
        },
        "Basic.Policy.ExtrinsicValueEstimate.mean": {
            "value": -26.181045532226562,
            "min": -41.14932632446289,
            "max": -1.0740233659744263,
            "count": 14
        },
        "Basic.Policy.ExtrinsicValueEstimate.sum": {
            "value": -17541.30078125,
            "min": -27446.599609375,
            "max": -718.5216064453125,
            "count": 14
        },
        "Basic.Losses.PolicyLoss.mean": {
            "value": 0.13463239357363257,
            "min": 0.12790308157365785,
            "max": 0.1457684772287307,
            "count": 14
        },
        "Basic.Losses.PolicyLoss.sum": {
            "value": 0.9424267550154279,
            "min": 0.895321571015605,
            "max": 1.1225652681702436,
            "count": 14
        },
        "Basic.Losses.ValueLoss.mean": {
            "value": 21.01933968776748,
            "min": 6.595320547620455,
            "max": 68.62207629567101,
            "count": 14
        },
        "Basic.Losses.ValueLoss.sum": {
            "value": 147.13537781437236,
            "min": 52.76256438096364,
            "max": 480.3545340696971,
            "count": 14
        },
        "Basic.Policy.LearningRate.mean": {
            "value": 0.00028383429110285716,
            "min": 0.00028383429110285716,
            "max": 0.0002993528573585714,
            "count": 14
        },
        "Basic.Policy.LearningRate.sum": {
            "value": 0.00198684003772,
            "min": 0.00198684003772,
            "max": 0.002376072007976,
            "count": 14
        },
        "Basic.Policy.Epsilon.mean": {
            "value": 0.1946114285714286,
            "min": 0.1946114285714286,
            "max": 0.19978428571428575,
            "count": 14
        },
        "Basic.Policy.Epsilon.sum": {
            "value": 1.3622800000000002,
            "min": 1.3622800000000002,
            "max": 1.592024,
            "count": 14
        },
        "Basic.Policy.Beta.mean": {
            "value": 0.004731110285714287,
            "min": 0.004731110285714287,
            "max": 0.004989235857142857,
            "count": 14
        },
        "Basic.Policy.Beta.sum": {
            "value": 0.033117772000000004,
            "min": 0.033117772000000004,
            "max": 0.0396019976,
            "count": 14
        },
        "Basic.Environment.EpisodeLength.mean": {
            "value": 333.0,
            "min": 332.0,
            "max": 333.0,
            "count": 14
        },
        "Basic.Environment.EpisodeLength.sum": {
            "value": 1665.0,
            "min": 1660.0,
            "max": 3320.0,
            "count": 14
        },
        "Basic.Environment.CumulativeReward.mean": {
            "value": -884.8477841854095,
            "min": -1990.3090822458266,
            "max": -694.2092151284218,
            "count": 14
        },
        "Basic.Environment.CumulativeReward.sum": {
            "value": -4424.238920927048,
            "min": -11417.656091809273,
            "max": -3471.046075642109,
            "count": 14
        },
        "Basic.Policy.ExtrinsicReward.mean": {
            "value": -884.8477841854095,
            "min": -1990.3090822458266,
            "max": -694.2092151284218,
            "count": 14
        },
        "Basic.Policy.ExtrinsicReward.sum": {
            "value": -4424.238920927048,
            "min": -11417.656091809273,
            "max": -3471.046075642109,
            "count": 14
        },
        "Basic.IsTraining.mean": {
            "value": 1.0,
            "min": 1.0,
            "max": 1.0,
            "count": 14
        },
        "Basic.IsTraining.sum": {
            "value": 1.0,
            "min": 1.0,
            "max": 1.0,
            "count": 14
        }
    },
    "metadata": {
        "timer_format_version": "0.1.0",
        "start_time_seconds": "1669612007",
        "python_version": "3.7.9 (tags/v3.7.9:13c94747c7, Aug 17 2020, 18:58:18) [MSC v.1900 64 bit (AMD64)]",
        "command_line_arguments": "C:\\dev\\venv\\Scripts\\mlagents-learn --run-id=001 --force .\\Basic.yaml",
        "mlagents_version": "0.28.0",
        "mlagents_envs_version": "0.28.0",
        "communication_protocol_version": "1.5.0",
        "pytorch_version": "1.7.1+cu110",
        "numpy_version": "1.21.6",
        "end_time_seconds": "1669612221"
    },
    "total": 213.7551087,
    "count": 1,
    "self": 0.006862399999988611,
    "children": {
        "run_training.setup": {
            "total": 0.1176029999999999,
            "count": 1,
            "self": 0.1176029999999999
        },
        "TrainerController.start_learning": {
            "total": 213.6306433,
            "count": 1,
            "self": 0.1272667999998589,
            "children": {
                "TrainerController._reset_env": {
                    "total": 27.6590168,
                    "count": 1,
                    "self": 27.6590168
                },
                "TrainerController.advance": {
                    "total": 185.67881710000015,
                    "count": 5863,
                    "self": 0.1058550000010996,
                    "children": {
                        "env_step": {
                            "total": 127.97610509999879,
                            "count": 5863,
                            "self": 112.03740489999973,
                            "children": {
                                "SubprocessEnvManager._take_step": {
                                    "total": 15.870623800000008,
                                    "count": 5863,
                                    "self": 0.4957186000003375,
                                    "children": {
                                        "TorchPolicy.evaluate": {
                                            "total": 15.37490519999967,
                                            "count": 5851,
                                            "self": 9.124811399999277,
                                            "children": {
                                                "TorchPolicy.sample_actions": {
                                                    "total": 6.250093800000393,
                                                    "count": 5851,
                                                    "self": 6.250093800000393
                                                }
                                            }
                                        }
                                    }
                                },
                                "workers": {
                                    "total": 0.0680763999990539,
                                    "count": 5862,
                                    "self": 0.0,
                                    "children": {
                                        "worker_root": {
                                            "total": 126.7909397999997,
                                            "count": 5862,
                                            "is_parallel": true,
                                            "self": 82.55688920000057,